level,category,subType,questionFormat,questionText,passageText,choice1,choice2,choice3,choice4,answerIndex,explanation,questionFocus
N1,READING,READING_COMPREHENSION,MULTIPLE_CHOICE,筆者が最も言いたいことは何ですか。,効率化という言葉は、しばしば作業時間を短くすることと同じ意味で使われる。しかし、本来考えるべきなのは、短縮された時間を何に使うかである。単に仕事を詰め込むだけなら、余裕がなくなり、かえって新しい発想が生まれにくくなる。効率化の価値は、時間を減らすことそのものではなく、その時間をより重要な活動へ振り向けられる点にある。,효율화는 모든 작업 시간을 최대한 줄이는 것이다,줄인 시간에 더 많은 업무를 넣어야 한다,효율화로 확보한 시간을 더 중요한 활동에 활용해야 한다,새로운 아이디어는 여유 시간과 관계가 없다,2,필자는 효율화 자체보다 확보된 시간을 더 중요한 활동에 쓰는 것이 핵심이라고 본다.,주제 파악
N1,READING,READING_COMPREHENSION,MULTIPLE_CHOICE,この文章から分かることは何ですか。,ある企業では、社員の出社日数を減らせば満足度が上がると考え、在宅勤務を拡大した。ところが、部署間の情報共有が減ったという声も出た。そこで現在は、単に出社回数を決めるのではなく、仕事の性質に応じて対面と在宅を組み合わせる方針に変えている。,회사는 재택근무를 완전히 폐지했다,출근 횟수만으로 근무 방식을 정하는 것이 충분하지 않다고 판단했다,모든 부서가 매일 출근하게 되었다,재택근무 확대 후 정보 공유가 증가했다,1,회사는 단순 출근 횟수가 아니라 업무 성격에 맞춰 대면과 재택을 조합하는 방향으로 바꾸었다.,세부 정보 파악
N1,READING,READING_COMPREHENSION,MULTIPLE_CHOICE,筆者の考えに最も近いものはどれですか。,専門家の意見は、複雑な問題を理解するうえで重要な手掛かりになる。しかし、専門家の間でも意見が分かれることは珍しくない。だからこそ、『専門家が言っているから正しい』と考えるのではなく、その意見がどのような根拠に基づいているかを見る必要がある。,전문가의 의견은 항상 동일하다,전문가의 말은 근거를 확인하지 않고 믿어도 된다,전문가 의견도 근거를 살펴 판단해야 한다,복잡한 문제에서는 전문가 의견을 듣지 말아야 한다,2,필자는 전문가라는 권위보다 그 의견의 근거를 확인하는 태도가 필요하다고 말한다.,주제 파악
N1,READING,READING_COMPREHENSION,MULTIPLE_CHOICE,この案内で利用者が最も注意すべきことは何ですか。,システム移行に伴い、金曜日午後八時から月曜日午前六時までオンラインサービスを停止します。停止前に入力した内容でも、保存操作が完了していないものは移行されません。また、停止期間中に送信されたメールへの返信は月曜日以降になります。,금요일 오후 8시 이후에도 저장하지 않은 데이터가 자동 이전된다,서비스 중단 전에 필요한 데이터의 저장을 완료해야 한다,중단 기간에는 이메일을 보내면 즉시 답변받는다,월요일 오전 6시 이후에도 서비스는 계속 중단된다,1,저장 완료되지 않은 입력 내용은 이전되지 않으므로 중단 전 저장 완료가 중요하다.,세부 정보 파악
N1,READING,READING_COMPREHENSION,MULTIPLE_CHOICE,なぜ筆者は『失敗を記録すること』が重要だと考えていますか。,成功した方法は共有されやすいが、失敗した方法は忘れられたり、隠されたりしやすい。しかし、同じ失敗を別の人が繰り返せば、組織全体として大きな損失になる。失敗を責めるためではなく、条件や原因を記録して共有することが、次の判断の質を高めるのである。,실패한 사람을 평가하기 위해,성공 사례보다 실패 사례가 재미있어서,같은 실패의 반복을 막고 이후 판단의 질을 높이기 위해,모든 실패를 외부에 공개하기 위해,2,실패 기록은 비난이 아니라 반복 방지와 더 나은 판단을 위한 학습 자료라는 것이 핵심이다.,인물 의도 파악
N1,READING,READING_COMPREHENSION,MULTIPLE_CHOICE,この文章で筆者が問題視していることは何ですか。,数字で示される目標は分かりやすい。一方で、測定しやすい数字だけを追うと、本来の目的が見えなくなることがある。例えば問い合わせ対応時間を短くすることだけを目標にすると、十分な説明をせず電話を終えることが評価されるかもしれない。指標は目的そのものではない。,수치 목표는 전혀 사용할 필요가 없다는 것,측정하기 쉬운 수치가 본래 목적보다 우선될 수 있다는 것,문의 대응은 항상 길게 해야 한다는 것,숫자로 목표를 표시하면 반드시 성과가 낮아진다는 것,1,필자는 지표가 목적을 대체해 수치 자체만 추구하게 되는 문제를 지적한다.,주제 파악
N1,READING,READING_COMPREHENSION,MULTIPLE_CHOICE,この文章から推測できることは何ですか。,新商品の発売日は来週月曜日だったが、最終検査で一部の製品に不具合が見つかった。原因はまだ特定されておらず、会社は『安全性を確認するまで出荷しない』と発表した。,예정대로 월요일에 반드시 출시된다,출시가 연기될 가능성이 높다,불량 원인은 이미 해결되었다,회사는 안전성 확인 없이 출하한다,1,원인이 아직 특정되지 않았고 안전 확인 전 출하하지 않겠다고 했으므로 출시 연기 가능성이 높다.,추론
N1,READING,READING_COMPREHENSION,MULTIPLE_CHOICE,筆者が『余白』を必要だと考える理由は何ですか。,予定を隙間なく入れると、一見時間を有効に使っているように見える。しかし、予想外の仕事が一つ入っただけで、その後の予定がすべて崩れてしまう。何もしない時間は無駄ではなく、変化に対応するための余白として機能することがある。,아무 일도 하지 않는 것이 가장 생산적이기 때문에,예상하지 못한 변화에 대응할 여지를 만들기 때문에,계획을 세울 필요가 없기 때문에,모든 업무를 미루기 위해,1,일정의 여백은 예상 밖의 일이 생겼을 때 전체 계획이 무너지는 것을 줄이는 완충 역할을 한다.,인물 의도 파악
N1,READING,READING_COMPREHENSION,MULTIPLE_CHOICE,この文章の主な内容は何ですか。,新しい制度を導入するとき、説明会を一度開いただけで『周知した』と考えるのは危険だ。聞いた人が内容を理解したか、実際の行動に移せるかまで確認しなければ、制度は形だけのものになりかねない。情報を伝えることと、相手に伝わることは同じではない。,설명회는 한 번만 하면 충분하다,정보를 보내는 것과 상대가 이해해 행동하는 것은 다르다,새 제도는 설명 없이 도입해야 한다,제도는 내용보다 형식이 중요하다,1,필자는 전달 행위 자체와 실제 이해·행동으로 이어지는 것은 다르다고 강조한다.,주제 파악
N1,READING,READING_COMPREHENSION,MULTIPLE_CHOICE,会社が方針を変更した理由は何ですか。,当初、問い合わせ窓口をすべて自動応答に切り替える計画だった。しかし試験運用では、単純な質問には効果的な一方、複雑な相談では利用者が何度も同じ説明をする必要が生じた。そのため、簡単な問い合わせは自動化し、複雑なものは担当者につなぐ方式に変更した。,자동 응답의 비용이 너무 비싸서,모든 문의에서 자동 응답이 효과가 없어서,문의의 복잡성에 따라 자동화와 사람 대응을 나누는 편이 적절하다고 판단해서,담당자를 모두 없애기 위해,2,시험 결과 단순 문의에는 자동화가 효과적이지만 복잡한 상담에는 사람이 필요하다고 판단했다.,추론
N1,READING,READING_COMPREHENSION,MULTIPLE_CHOICE,筆者の主張として最も適切なものはどれですか。,『公平』とは、全員を同じように扱うことだと考えられがちだ。しかし、置かれた条件が異なる人に同じ支援だけを提供しても、結果として大きな差が残ることがある。必要な支援の程度が違うなら、その違いを考慮することも公平さの一部ではないだろうか。,공평하려면 모든 사람에게 반드시 똑같은 지원을 해야 한다,조건이 다른 경우 필요한 지원의 차이를 고려하는 것도 공평할 수 있다,지원의 결과는 공평성과 관계가 없다,어떤 경우에도 차등 지원은 부당하다,1,필자는 동일 대우만이 아니라 조건 차이에 맞는 지원도 공평의 일부라고 본다.,주제 파악
N1,READING,READING_COMPREHENSION,MULTIPLE_CHOICE,この文章から分かることは何ですか。,研究チームは当初、利用者が多いサービスほど満足度も高いと予想していた。しかし調査では、利用頻度と満足度の間に明確な関係は見られなかった。便利だから頻繁に使う一方、不満を感じている利用者もいたのである。,이용 빈도가 높으면 만족도도 반드시 높다,이용 빈도와 만족도는 항상 반대다,자주 사용하는 서비스라도 만족하지 않을 수 있다,조사 결과는 최초 예상과 완전히 일치했다,2,조사에서는 이용 빈도와 만족도 사이에 명확한 관계가 없었고 자주 써도 불만인 이용자가 있었다.,세부 정보 파악
N1,READING,READING_COMPREHENSION,MULTIPLE_CHOICE,筆者が最も重視していることは何ですか。,議論で相手を説得しようとすると、自分の主張を強くすることばかり考えがちだ。しかし、相手が何を前提に考えているのかを理解しなければ、こちらの説明が正しくても届かない。説得には話す力だけでなく、相手の考えを聞き取る力も必要である。,자신의 주장을 더 강하게 반복하는 것,상대방의 전제와 생각을 이해하며 듣는 것,상대의 의견을 즉시 반박하는 것,논쟁을 피하고 아무 말도 하지 않는 것,1,필자는 설득에는 말하는 능력뿐 아니라 상대의 전제와 생각을 듣고 이해하는 능력이 필요하다고 말한다.,주제 파악
N1,READING,READING_COMPREHENSION,MULTIPLE_CHOICE,この通知を受けた社員はどうする必要がありますか。,来月から経費精算の方法が変わります。今月中に発生した経費は従来のシステムで申請してください。新システムは来月一日以降に発生した経費のみ対象です。なお、旧システムは来月十日で利用できなくなります。,이번 달 발생 경비도 새 시스템에서 신청한다,이번 달 발생 경비는 기존 시스템에서 신청해야 한다,기존 시스템은 다음 달 내내 사용할 수 있다,발생일과 관계없이 원하는 시스템을 사용한다,1,이번 달 발생 경비는 기존 시스템 대상이며 기존 시스템은 다음 달 10일까지 사용할 수 있다.,세부 정보 파악
N1,READING,READING_COMPREHENSION,MULTIPLE_CHOICE,筆者はなぜ『選択肢を増やせばよいとは限らない』と述べていますか。,選べる商品が増えることは一見便利に思える。しかし、違いが分かりにくい商品が大量に並ぶと、比較に時間がかかり、結局選ぶこと自体をやめてしまう人もいる。選択肢の数だけでなく、違いを理解しやすくする工夫が必要だ。,상품 수가 많으면 반드시 가격이 오른다,선택지가 너무 많고 차이가 불명확하면 선택 자체가 어려워질 수 있다,사람들은 선택하는 것을 원래 싫어한다,상품의 차이를 설명하면 선택지가 줄어든다,1,선택지가 많아도 차이를 이해하기 어렵다면 비교 부담이 커져 선택을 포기할 수 있기 때문이다.,인물 의도 파악
N1,READING,READING_COMPREHENSION,MULTIPLE_CHOICE,この文章の内容に合うものはどれですか。,ある自治体は、観光客を増やすため有名な場所の宣伝に力を入れてきた。しかし、訪問者が一部の地域に集中し、混雑や住民生活への影響が問題になった。現在は、観光客を増やすだけでなく、訪問先を地域全体に分散させることを目指している。,관광객 수를 무조건 줄이는 것이 목표다,유명 관광지 한 곳에 더 많은 사람을 모으려 한다,관광객을 지역 전체로 분산시키려 한다,주민 생활에 관광은 아무 영향이 없다,2,현재 정책의 핵심은 관광객 수 자체보다 특정 지역 집중을 완화해 지역 전체로 분산하는 것이다.,세부 정보 파악
N1,READING,READING_COMPREHENSION,MULTIPLE_CHOICE,この文章で筆者が批判している考え方は何ですか。,結果だけを見て過去の判断を評価すると、『なぜそんな選択をしたのか』と思うことがある。しかし、判断した時点では現在のような情報がなかったかもしれない。後から得た情報を当然のものとして過去を評価するのは慎重であるべきだ。,과거 판단은 결과만으로 평가하면 된다는 생각,판단 당시의 정보도 고려해야 한다는 생각,새 정보가 생기면 과거를 다시 볼 수 있다는 생각,평가에는 신중함이 필요하다는 생각,0,필자는 현재 알고 있는 결과만으로 과거 판단을 쉽게 비판하는 태도를 경계한다.,주제 파악
N1,READING,READING_COMPREHENSION,MULTIPLE_CHOICE,この文章から何が推測できますか。,担当部署は新システムを来週から全社で利用すると発表していた。ところが試験利用した社員から重大な不具合が複数報告され、修正版の完成時期も未定だという。,전사 도입 일정이 변경될 가능성이 있다,다음 주부터 문제없이 전사 사용한다,수정판은 이미 완성되었다,시험 이용은 실시되지 않았다,0,중대한 오류가 여러 건 있고 수정 시점도 미정이므로 전사 도입 일정이 바뀔 가능성이 높다.,추론
N1,READING,READING_COMPREHENSION,MULTIPLE_CHOICE,筆者の意見に最も近いものはどれですか。,経験は判断を速くする。過去に似た状況を知っていれば、毎回ゼロから考えずに済むからだ。一方、経験が豊富であるほど『今回も同じだ』と思い込み、新しい違いを見落とす危険もある。経験は使うものであって、従うものではない。,경험이 많으면 새로운 상황도 항상 정확히 판단한다,경험은 전혀 도움이 되지 않는다,경험을 활용하되 과거와 다른 점도 확인해야 한다,경험이 있으면 생각할 필요가 없다,2,필자는 경험의 효율성을 인정하면서도 경험에 맹목적으로 따르지 말고 차이를 살펴야 한다고 말한다.,주제 파악
N1,READING,READING_COMPREHENSION,MULTIPLE_CHOICE,この案内の目的は何ですか。,近年、館内で充電中の機器を放置したまま外出する利用者が増えています。安全上の理由から、来月より共用スペースでの充電は、利用者本人がその場にいる場合に限ります。長時間席を離れた場合、職員が電源を外すことがあります。,충전 서비스를 완전히 폐지하려고,공용 공간의 전기 요금을 받으려고,안전을 위해 자리를 비운 채 충전하는 행위를 제한하려고,직원이 이용자의 기기를 사용하려고,2,안전상의 이유로 사용자가 없는 상태의 장시간 충전을 제한하는 안내다.,인물 의도 파악
N1,READING,READING_COMPREHENSION,MULTIPLE_CHOICE,筆者が言う『見えないコスト』とは何ですか。,新しいツールの価格が安くても、導入すればすぐ得になるとは限らない。使い方を覚える時間、既存データを移す作業、慣れるまでの生産性低下など、購入価格には表れない負担があるからだ。導入判断では、こうした見えないコストも考える必要がある。,도구의 구매 가격 자체,도구를 사용하지 않을 때의 전기료,학습·데이터 이전·적응 과정에서 발생하는 부담,회사가 공개하지 않은 판매 가격,2,"구매가 외에 학습 시간, 데이터 이전, 적응 중 생산성 저하 등 도입에 수반되는 숨은 부담을 말한다.",세부 정보 파악
N1,READING,READING_COMPREHENSION,MULTIPLE_CHOICE,この文章の主な内容は何ですか。,『分かりやすく説明する』というと、情報を減らすことだと思われがちだ。確かに不要な情報を省くことは重要だが、省きすぎれば判断に必要な条件まで失われる。分かりやすさとは単純さではなく、必要な情報の関係が理解できる状態なのだ。,쉬운 설명을 위해서는 정보를 최대한 삭제해야 한다,이해하기 쉬움은 단순히 정보가 적다는 뜻이 아니다,복잡한 정보는 설명할 수 없다,조건은 설명에서 모두 생략해야 한다,1,필자는 이해하기 쉬운 설명이 단순한 정보 축소가 아니라 필요한 정보의 관계를 이해할 수 있게 하는 것이라고 본다.,주제 파악
N1,READING,READING_COMPREHENSION,MULTIPLE_CHOICE,なぜ会社は評価制度を変更しましたか。,従来は個人の売上だけを評価していたため、自分の成果にならない仕事を避ける社員が増え、チーム内の協力が弱まった。そこで、個人成果に加え、他の社員への支援やチームへの貢献も評価することにした。,개인 매출을 더 강하게 평가하기 위해,직원 간 경쟁을 완전히 없애기 위해,개인 실적만 평가하면서 협력이 약해진 문제를 개선하기 위해,팀의 성과를 평가하지 않기 위해,2,개인 실적 중심 평가가 협력을 약화시켰기 때문에 지원과 팀 기여도도 평가하게 되었다.,추론
N1,READING,READING_COMPREHENSION,MULTIPLE_CHOICE,この文章から分かることは何ですか。,ある調査では、会議の時間を短くしただけでは参加者の満足度はほとんど変わらなかった。一方、事前に目的と論点を共有した会議では、同じ時間でも『有意義だった』という回答が増えた。,회의는 짧을수록 반드시 만족도가 높다,회의 시간보다 목적과 논점을 사전에 공유하는 것이 만족도에 영향을 줄 수 있다,회의 자료를 미리 보내면 회의 시간이 반드시 늘어난다,참가자들은 긴 회의를 더 선호한다,1,단순 시간 단축보다 목적과 논점의 사전 공유가 회의의 유의미함에 영향을 준 것으로 나타났다.,세부 정보 파악
N1,READING,READING_COMPREHENSION,MULTIPLE_CHOICE,筆者が最も言いたいことは何ですか。,何かを改善しようとすると、問題が起きた部分だけを直したくなる。しかし、その部分が別の仕組みとつながっていれば、一か所の変更が別の問題を生むこともある。複雑な仕組みでは、個々の部分だけでなく、相互の関係を見る視点が欠かせない。,문제가 생긴 부분만 고치면 항상 해결된다,복잡한 시스템에서는 요소 간 관계까지 고려해야 한다,문제는 한 번에 모두 해결해야 한다,시스템의 각 부분은 서로 영향을 주지 않는다,1,복잡한 구조에서는 부분 수정이 다른 곳에 영향을 줄 수 있으므로 상호 관계를 봐야 한다는 주장이다.,주제 파악
N1,READING,READING_COMPREHENSION,MULTIPLE_CHOICE,この通知を受けた利用者がすべきことは何ですか。,本人確認方法の変更により、来月十五日以降、旧方式ではログインできなくなります。現在旧方式を利用している方は、それまでに新しい認証方法の登録を完了してください。登録後も現在のパスワードは変更されません。,다음 달 15일 이후에 새 인증을 등록한다,다음 달 15일 전에 새 인증 방법 등록을 완료한다,현재 비밀번호를 반드시 변경한다,기존 인증 방식을 계속 사용한다,1,15일 이후 기존 방식 로그인이 불가능하므로 그 전에 새 인증 방법을 등록해야 한다.,세부 정보 파악
N1,READING,READING_COMPREHENSION,MULTIPLE_CHOICE,筆者はなぜ『質問する力』が重要だと述べていますか。,情報を得る手段が増え、答えを探すこと自体は以前より簡単になった。しかし、何を知る必要があるのかが曖昧なら、大量の情報を集めても役に立たない。適切な答えに近づくには、まず問題をどのように問うかが重要なのである。,정보 검색 기술이 필요 없어졌기 때문에,질문이 명확해야 필요한 답을 찾는 데 가까워질 수 있기 때문에,많은 정보를 모으면 질문은 필요 없기 때문에,답은 항상 하나뿐이기 때문에,1,필자는 정보가 많아도 문제를 명확히 질문하지 못하면 적절한 답을 찾기 어렵다고 본다.,인물 의도 파악
N1,READING,READING_COMPREHENSION,MULTIPLE_CHOICE,この文章の内容に合うものはどれですか。,制度を利用する人が少ないとき、制度そのものに需要がないとは限らない。申請方法が複雑だったり、制度の存在が知られていなかったりする可能性もある。利用率だけで制度の必要性を判断する前に、利用を妨げる要因を調べるべきだ。,이용률이 낮으면 제도는 반드시 필요 없다,이용률만으로 제도의 필요성을 판단해서는 안 된다,신청 방법은 이용률과 관계가 없다,제도 홍보는 필요하지 않다,1,낮은 이용률은 복잡한 신청이나 낮은 인지도 때문일 수 있어 원인을 먼저 조사해야 한다.,주제 파악
N1,READING,READING_COMPREHENSION,MULTIPLE_CHOICE,この文章から推測できることは何ですか。,レストランは予約客を増やすため、キャンセル料をなくした。すると予約件数は増えたが、連絡なしで来店しない客も増え、空席が目立つようになった。店は現在、予約制度を再検討している。,취소 수수료 폐지가 모든 문제를 해결했다,가게는 예약 제도를 다시 조정할 가능성이 있다,예약 건수는 감소했다,연락 없이 오지 않는 손님은 줄었다,1,노쇼가 늘어 빈자리가 발생했고 예약 제도를 재검토 중이므로 정책 조정 가능성이 높다.,추론
N1,READING,READING_COMPREHENSION,MULTIPLE_CHOICE,筆者の考えに最も近いものはどれですか。,『変えないこと』には理由が必要ないように見える。だが、環境が変化しているのに従来の方法を続けることも、一つの選択である。新しい方法だけに説明責任を求めるのではなく、現状を維持する理由も問い直す必要がある。,기존 방식은 이유 없이 계속해도 된다,새로운 방식에만 설명이 필요하다,현상 유지 역시 선택이므로 그 이유를 검토해야 한다,환경 변화와 업무 방식은 관계가 없다,2,필자는 변화뿐 아니라 현상 유지도 선택이므로 그 타당성을 설명하고 검토해야 한다고 주장한다.,주제 파악
