level,category,subType,questionFormat,questionText,passageText,choice1,choice2,choice3,choice4,answerIndex,explanation,questionFocus
N4,READING,READING_COMPREHENSION,MULTIPLE_CHOICE,田中さんは何時に家を出ますか。,田中さんは毎朝六時半に起きます。七時に朝ご飯を食べて、七時半に家を出ます。,6시 30분,7시,7시 30분,8시,2,지문에 '七時半に家を出ます'라고 되어 있으므로 정답은 7시 30분이다.,세부 정보 파악
N4,READING,READING_COMPREHENSION,MULTIPLE_CHOICE,山田さんはなぜスーパーへ行きますか。,冷蔵庫に牛乳がありません。山田さんは夕方、牛乳を買いにスーパーへ行きます。,빵을 사기 위해,우유를 사기 위해,친구를 만나기 위해,저녁을 먹기 위해,1,냉장고에 우유가 없어서 우유를 사러 간다고 했다.,인물 의도 파악
N4,READING,READING_COMPREHENSION,MULTIPLE_CHOICE,明日の天気はどうですか。,今日はよく晴れています。しかし、天気予報では明日は朝から雨です。出かける人は傘を持って行ってください。,맑다,눈이 온다,아침부터 비가 온다,바람만 분다,2,일기예보에서 내일은 아침부터 비가 온다고 했다.,세부 정보 파악
N4,READING,READING_COMPREHENSION,MULTIPLE_CHOICE,佐藤さんは昼休みに何をしますか。,佐藤さんは昼休みにいつも会社の近くの公園へ行きます。そこでお弁当を食べて、少し散歩します。,식당에서 점심을 먹는다,집에 돌아간다,공원에서 도시락을 먹고 산책한다,회사에서 계속 일한다,2,공원에서 도시락을 먹고 조금 산책한다고 했다.,세부 정보 파악
N4,READING,READING_COMPREHENSION,MULTIPLE_CHOICE,この店は何曜日に休みですか。,この店は月曜日から土曜日まで開いています。日曜日は休みです。営業時間は午前十時から午後八時までです。,월요일,토요일,일요일,매일,2,지문에 일요일은 휴무라고 명시되어 있다.,세부 정보 파악
N4,READING,READING_COMPREHENSION,MULTIPLE_CHOICE,鈴木さんはどうしてバスに乗りませんでしたか。,鈴木さんは駅へ行くためにバス停で待っていました。しかし、バスがなかなか来なかったので、駅まで歩きました。,버스 요금이 비싸서,버스가 오지 않아서,역이 가까워서,운동하고 싶어서,1,버스가 좀처럼 오지 않았기 때문에 걸어갔다.,인물 의도 파악
N4,READING,READING_COMPREHENSION,MULTIPLE_CHOICE,木村さんは週末に何をする予定ですか。,木村さんは土曜日に部屋を掃除します。日曜日は友達と映画を見る予定です。,토요일에 영화를 본다,일요일에 방을 청소한다,토요일에 쇼핑한다,일요일에 친구와 영화를 본다,3,일요일에 친구와 영화를 볼 예정이라고 했다.,세부 정보 파악
N4,READING,READING_COMPREHENSION,MULTIPLE_CHOICE,このお知らせで一番伝えたいことは何ですか。,図書館では大きな声で話さないでください。携帯電話もマナーモードにしてください。みんなが静かに本を読めるようにしましょう。,도서관에서는 조용히 해야 한다,도서관에서는 전화해도 된다,책을 빌리면 안 된다,도서관은 매일 문을 닫는다,0,도서관에서 조용히 이용해 달라는 내용이 중심이다.,주제 파악
N4,READING,READING_COMPREHENSION,MULTIPLE_CHOICE,高橋さんは何を忘れましたか。,高橋さんは会社に着いてから、家に財布を忘れたことに気づきました。昼ご飯を買うお金がなかったので、同僚に少し借りました。,휴대전화,지갑,도시락,회사 열쇠,1,회사에 도착한 뒤 지갑을 집에 두고 온 것을 알았다고 했다.,세부 정보 파악
N4,READING,READING_COMPREHENSION,MULTIPLE_CHOICE,小林さんはなぜ早く寝ますか。,小林さんは明日の朝、五時に起きなければなりません。旅行に行くので、今日はいつもより早く寝ます。,시험이 있어서,몸이 아파서,여행 때문에 일찍 일어나야 해서,회사에 늦어서,2,여행을 가기 위해 다음 날 아침 5시에 일어나야 하므로 일찍 잔다.,인물 의도 파악
N4,READING,READING_COMPREHENSION,MULTIPLE_CHOICE,このメールを書いた人は何を頼んでいますか。,田中さんへ。明日の会議ですが、私は病院へ行くので参加できません。会議の資料をあとで送ってください。山本,회의를 취소해 달라고 한다,병원에 같이 가 달라고 한다,회의 자료를 나중에 보내 달라고 한다,회의 시간을 바꿔 달라고 한다,2,작성자는 회의에 참석할 수 없으니 자료를 보내 달라고 부탁하고 있다.,인물 의도 파악
N4,READING,READING_COMPREHENSION,MULTIPLE_CHOICE,みきさんは何時ごろ駅に着きますか。,みきさんは三時の電車に乗りました。駅まで四十分かかります。電車は時間どおりに出ました。,3시,3시 20분,3시 40분,4시,2,3시에 출발하고 40분이 걸리므로 3시 40분쯤 도착한다.,추론
N4,READING,READING_COMPREHENSION,MULTIPLE_CHOICE,この文章の内容に合うものはどれですか。,私は犬を飼っています。名前はポチです。ポチは朝の散歩が大好きですが、雨の日は外へ出たがりません。,포치는 비 오는 날 산책을 좋아한다,포치는 아침 산책을 좋아한다,포치는 고양이다,포치는 밤에만 산책한다,1,포치는 아침 산책을 매우 좋아한다고 했다.,세부 정보 파악
N4,READING,READING_COMPREHENSION,MULTIPLE_CHOICE,母は何を作りましたか。,今日は妹の誕生日です。母は朝からケーキを作りました。夜、家族みんなで食べます。,빵,초밥,케이크,카레,2,어머니가 아침부터 케이크를 만들었다고 했다.,세부 정보 파악
N4,READING,READING_COMPREHENSION,MULTIPLE_CHOICE,学生はいつまでにレポートを出しますか。,先生は『レポートは金曜日の午後五時までに出してください』と言いました。遅れたレポートは受け取りません。,목요일 오후 5시,금요일 오전 5시,금요일 오후 5시,토요일 오후 5시,2,제출 기한은 금요일 오후 5시까지이다.,세부 정보 파악
N4,READING,READING_COMPREHENSION,MULTIPLE_CHOICE,この人はどうして窓を閉めましたか。,部屋で本を読んでいたら、外の風が強くなりました。机の上の紙が飛びそうだったので、窓を閉めました。,비가 와서,추워서,종이가 날아갈 것 같아서,밖이 시끄러워서,2,강한 바람 때문에 책상 위 종이가 날아갈 것 같아 창문을 닫았다.,추론
N4,READING,READING_COMPREHENSION,MULTIPLE_CHOICE,ゆうこさんは明日何を持って行きますか。,明日は学校で料理の授業があります。先生から、エプロンとタオルを持って来るように言われました。,우산과 수건,앞치마와 수건,교과서와 연필,도시락과 물,1,선생님이 앞치마와 수건을 가져오라고 했다.,세부 정보 파악
N4,READING,READING_COMPREHENSION,MULTIPLE_CHOICE,この店でできないことは何ですか。,このカフェではコーヒーやケーキを店内で楽しめます。持ち帰りもできますが、店内でたばこを吸うことはできません。,커피를 마시는 것,케이크를 먹는 것,포장하는 것,담배를 피우는 것,3,카페 안에서는 담배를 피울 수 없다고 했다.,세부 정보 파악
N4,READING,READING_COMPREHENSION,MULTIPLE_CHOICE,健さんはどこへ行きますか。,健さんは頭が痛くて、朝から熱もあります。仕事を休んで、近くの病院へ行くことにしました。,회사,학교,병원,약국만,2,두통과 열 때문에 일을 쉬고 근처 병원에 가기로 했다.,세부 정보 파악
N4,READING,READING_COMPREHENSION,MULTIPLE_CHOICE,この文章の主な内容は何ですか。,私は毎晩寝る前に日記を書いています。その日にあったことを書くと、気持ちが落ち着きます。忙しい日も五分だけ書きます。,일기를 쓰는 습관,아침 운동 방법,바쁜 회사 생활,책 읽기의 장점,0,매일 밤 일기를 쓰는 습관과 그 이유가 중심 내용이다.,주제 파악
N4,READING,READING_COMPREHENSION,MULTIPLE_CHOICE,駅前の工事はいつ終わりますか。,駅前では今、道路の工事をしています。工事は来週の水曜日に終わる予定です。それまではバス停が駅の北側に変わります。,이번 주 수요일,다음 주 수요일,다음 주 금요일,이번 달 말,1,공사는 다음 주 수요일에 끝날 예정이라고 했다.,세부 정보 파악
N4,READING,READING_COMPREHENSION,MULTIPLE_CHOICE,バスに乗る人はどこへ行けばいいですか。,駅前では今、道路の工事をしています。工事が終わるまで、バス停は駅の北側にあります。南側の古いバス停は使えません。,역 남쪽,역 북쪽,공원 앞,도로 반대편 상점,1,공사 기간에는 버스 정류장이 역 북쪽에 있다고 했다.,세부 정보 파악
N4,READING,READING_COMPREHENSION,MULTIPLE_CHOICE,あきらさんはなぜ本を買いませんでしたか。,あきらさんは本屋で欲しかった本を見つけました。しかし、財布に千円しかなく、本は千五百円だったので買えませんでした。,책이 재미없어 보여서,이미 같은 책이 있어서,돈이 부족해서,서점이 문을 닫아서,2,"책은 1,500엔인데 가진 돈은 1,000엔이라 살 수 없었다.",추론
N4,READING,READING_COMPREHENSION,MULTIPLE_CHOICE,このメモを書いた人は何をしてほしいですか。,冷蔵庫の中に夕ご飯があります。帰りが遅くなるので、先に食べてください。食べたあと、皿を洗ってください。,저녁을 만들고 기다리는 것,먼저 먹고 접시를 씻는 것,냉장고를 청소하는 것,밖에서 저녁을 사는 것,1,먼저 저녁을 먹고 식사 후 접시를 씻어 달라고 했다.,인물 의도 파악
N4,READING,READING_COMPREHENSION,MULTIPLE_CHOICE,この文章から分かることは何ですか。,中村さんは毎日自転車で会社へ行きます。雨の日だけは電車を使います。今日は朝から雨が降っています。,오늘 자전거로 출근한다,오늘 전철로 출근한다,오늘 회사에 가지 않는다,오늘 걸어서 출근한다,1,비 오는 날에는 전철을 이용하며 오늘은 비가 오므로 전철로 출근한다고 추론할 수 있다.,추론
